<?xml version="1.0" ?>
<!DOCTYPE metadata SYSTEM "http://thor-f5.er.usgs.gov/ngtoc/metadata/fgdc-std-001-1998.dtd">
<metadata>
  <idinfo>
    <citation>
      <citeinfo>
        <origin>U.S. Geological Survey</origin>
        <pubdate>2012</pubdate>
        <title>USGS NED ned19_n41x00_w074x00_ny_hudsonbay_2011 1/9 arc-second 2012 15 x 15 minute IMG</title>
        <geoform>raster digital data</geoform>
        <pubinfo>
          <pubplace>Reston, VA</pubplace>
          <publish>U.S. Geological Survey</publish>
        </pubinfo>
        <onlink>http://ned.usgs.gov/</onlink>
        <onlink>http://nationalmap.gov/viewer.html</onlink>
      </citeinfo>
    </citation>
    <descript>
      <abstract>This tile of the National Elevation Dataset (NED) is 1/9 arc-second resolution. The National Elevation Dataset (NED) serves the elevation layer of The National Map, and provides basic elevation information for earth science studies and mapping applications in the United States. Scientists and resource managers use NED data for global change research, hydrologic modeling, resource monitoring, mapping and visualization, and many other applications. The NED is an elevation dataset that consists of seamless layers and a high resolution layer. Each of these layers are composed of the best available raster elevation data of the conterminous United States, Alaska, Hawaii, territorial islands, Mexico and Canada. The NED is updated continually as new data become available. All NED data are in the public domain. The NED are derived from diverse source data that are processed to a common coordinate system and unit of vertical measure. These data are distributed in geographic coordinates in units of decimal degrees, and in conformance with the North American Datum of 1983 (NAD 83). All elevation values are in meters and, over the continental United States, are referenced to the North American Vertical Datum of 1988 (NAVD 88). The vertical reference will vary in other areas. NED data are available nationally (except for Alaska) at resolutions of 1 arc-second (approx. 30 meters) and 1/3 arc-second (approx. 10 meters), and in limited areas at 1/9 arc-second (approx. 3 meters). In most of Alaska, only lower resolution source data are available. As a result, most NED data for Alaska are at 2-arc-second (approx. 60 meters) grid spacing. Part of Alaska is available at the 1- and 1/3-arc-second resolution from IFSAR collections starting in 2010. Plans are in place for collection of statewide IFSAR in Alaska through 2016.</abstract>
      <purpose>The NED serves as the elevation layer of The National Map, and provides basic elevation information for earth science studies and mapping applications in the United States.  The data are utilized by the scientific and resource management communities for global change research, hydrologic modeling, resource monitoring, mapping and visualization applications.</purpose>
      <supplinf>This tile of the National Elevation Dataset (NED) is 1/9 arc-second resolution, Image file format, and covers a one degree block. The geographic area of coverage is described below in the Bounding Coordinates. Additional information for the NED may be found on http://ned.usgs.gov/. Data may be downloaded through The National Map Viewer: http://nationalmap.gov/viewer.html. Direct links for direct access by automated services are provided in the Distribution section of this metadata.</supplinf>
    </descript>
    <timeperd>
      <timeinfo>
        <rngdates>
          <begdate>20101024</begdate>
          <enddate>20101209</enddate>
        </rngdates>
      </timeinfo>
      <current>publication date</current>
    </timeperd>
    <status>
      <progress>Complete</progress>
      <update>As Needed</update>
    </status>
    <spdom>
      <bounding>
        <westbc>-74.000185185185202</westbc>
        <eastbc>-73.749814814814826</eastbc>
        <northbc>41.000185185185174</northbc>
        <southbc>40.749814814814798</southbc>
      </bounding>
    </spdom>
    <keywords>
      <theme>
        <themekt>ISO 19115 Topic Category</themekt>
        <themekey>elevation</themekey>
      </theme>
      <theme>
        <themekt>NGDA Portfolio Themes</themekt>
        <themekey>Elevation</themekey>
      </theme>
      <theme>
        <themekt>National Elevation Dataset (NED)</themekt>
        <themekey>National Elevation Dataset</themekey>
        <themekey>NED</themekey>
        <themekey>Elevation</themekey>
        <themekey>Grid</themekey>
        <themekey>LIght Detection And Ranging</themekey>
        <themekey>LIDAR</themekey>
        <themekey>Interferometric Synthetic Aperture Radar</themekey>
        <themekey>IFSAR</themekey>
        <themekey>High Resolution</themekey>
        <themekey>Topographic Surface</themekey>
        <themekey>Topography</themekey>
        <themekey>Bare Earth</themekey>
        <themekey>Hydro-Flattened</themekey>
        <themekey>Terrain Elevation</themekey>
        <themekey>15-minute DEM</themekey>
        <themekey>1/9 arc-second DEM</themekey>
        <themekey>Cartography</themekey>
        <themekey>DEM</themekey>
        <themekey>Digital Elevation Model</themekey>
        <themekey>Digital Mapping</themekey>
        <themekey>Digital Terrain Model</themekey>
        <themekey>Geodata</themekey>
        <themekey>GIS</themekey>
        <themekey>Mapping</themekey>
        <themekey>Raster</themekey>
        <themekey>USGS</themekey>
        <themekey>U.S. Geological Survey</themekey>
      </theme>
      <place>
        <placekt>Geographic Names Information System</placekt>
        <placekey>US</placekey>
        <placekey>United States</placekey>
      </place>
    </keywords>
    <accconst>None.  Any downloading and use of these data signifies a user's agreement to comprehension and compliance of the USGS Standard Disclaimer.  Insure all portions of metadata are read and clearly understood before using these data in order to protect both user and USGS interests.</accconst>
    <useconst>There is no guarantee or warranty concerning the accuracy of the data.  Users should be aware that temporal changes may have occurred since these data were collected and that some parts of these data may no longer represent actual surface conditions.  Users should not use these data for critical applications without a full awareness of its limitations.  Acknowledgement of the originating agencies would be appreciated in products derived from these data.  Any user who modifies the data is obligated to describe the types of modifications they perform.  User specifically agrees not to misrepresent the data, nor to imply that changes made were approved or endorsed by the USGS.  Please refer to http://www.usgs.gov/privacy.html for the USGS disclaimer.</useconst>
    <browse>
      <browsen>ftp://rockyftp.cr.usgs.gov/vdelivery/Datasets/Staged/NED/19/IMG/ned19_n41x00_w074x00_ny_hudsonbay_2011_thumb.jpg</browsen>
      <browsed>Thumbnail JPG image</browsed>
      <browset>JPEG</browset>
    </browse>
    <datacred>Acknowledgement of the originating agencies would be appreciated in products derived from these data.</datacred>
  </idinfo>
  <dataqual>
    <logic>Please refer to the Metadata Section at the end of this document for a live link to a copy of the original data source's metadata file if one was provided.</logic>
    <complete>N/A</complete>
    <posacc>
      <horizpa>
        <horizpar>N/A</horizpar>
      </horizpa>
      <vertacc>
        <vertaccr>N/A</vertaccr>
      </vertacc>
    </posacc>
    <lineage>
      <procstep>
        <procdesc>USGS NED ned19_n41x00_w074x00_ny_hudsonbay_2011 1/9 arc-second 2012 15 x 15 minute IMG. Original data provided by the Rolla, Missouri National Geospatial Technical Operations Center (NGTOC).  At the Rolla NGTOC, the data were reviewed in Global Mapper for errors and then converted to 1/9 arc-second ERDAS Imagine images for shipment to the USGS EROS for further processing.
ARRA Lidar data for Hudson Bay area, New York were processed into a NED 1/9th dataset at EROS using the ESRI Geographic Information System (GIS). The data were delivered to EROS as two ERDAS formatted image files projected to a UTM, Zone 18N coordinate system.  The data were mosaicked and project to geographic coordinate system decimal degrees-NAD83.  Data inspection was completed by comparing the final derived DEM and shaded-relief products to the NED 1/3rd DEM and shaded-relief products, along with high-resolution optical imagery.  Visual analysis of the data revealed few anomalies in the data.  After visual analysis was complete the data was loaded into ArcSDE to be made available for public access and downloading.
Metadata was created for display through The National Map Viewer at http://nationalmap.gov/viewer.html in XML format.</procdesc>
        <procdate>2012</procdate>
        <proccont>
          <cntinfo>
            <cntorgp>
              <cntorg>U.S. Geological Survey</cntorg>
            </cntorgp>
            <cntaddr>
              <addrtype>mailing and physical address</addrtype>
              <address>USGS National Geospatial Program Office</address>
              <address>12201 Sunrise Valley Drive</address>
              <city>Reston</city>
              <state>VA</state>
              <postal>20192</postal>
              <country>USA</country>
            </cntaddr>
            <cntvoice>1-888-ASK-USGS (1-888-275-8747)</cntvoice>
            <hours>0800 - 1600 CT, M - F (-6h CST/-5h CDT GMT)</hours>
            <cntinst>Please visit http://www.usgs.gov/ask/ to contact us.</cntinst>
          </cntinfo>
        </proccont>
      </procstep>
    </lineage>
  </dataqual>
  <spdoinfo>
    <direct>Raster</direct>
    <rastinfo>
      <rasttype>Pixel</rasttype>
      <rowcount>22424</rowcount>
      <colcount>12217</colcount>
      <vrtcount>1</vrtcount>
    </rastinfo>
  </spdoinfo>
  <spref>
    <horizsys>
      <geograph>
        <latres>0.00001</latres>
        <longres>0.00001</longres>
        <geogunit>Decimal degrees</geogunit>
      </geograph>
      <geodetic>
        <horizdn>North American Datum of 1983</horizdn>
        <ellips>Geodetic Reference System 80</ellips>
        <semiaxis>6378137.000000</semiaxis>
        <denflat>298.2572221</denflat>
      </geodetic>
    </horizsys>
    <vertdef>
      <altsys>
        <altdatum>North American Vertical Datum of 1988</altdatum>
        <altres>0.001</altres>
        <altunits>meters</altunits>
        <altenc>Implicit coordinate</altenc>
      </altsys>
    </vertdef>
  </spref>
  <eainfo>
    <overview>
      <eaover>The attribute summary can be found in the data dictionary.</eaover>
      <eadetcit>A link to the NED Data Dictionary describing information that is included in the spatial metadata shapefiles acquired with the DEM is provided at the end of the Metadata Section of this document.</eadetcit>
    </overview>
  </eainfo>
  <distinfo>
    <distrib>
      <cntinfo>
        <cntorgp>
          <cntorg>U.S. Geological Survey</cntorg>
        </cntorgp>
        <cntaddr>
          <addrtype>mailing and physical</addrtype>
          <address>USGS National Geospatial Program Office</address>
          <address>12201 Sunrise Valley Drive</address>
          <city>Reston</city>
          <state>VA</state>
          <postal>20192</postal>
          <country>USA</country>
        </cntaddr>
        <cntvoice>1-888-ASK-USGS (1-888-275-8747)</cntvoice>
        <hours>Monday through Friday 8:00 AM to 4:00 PM Eastern Time Zone USA</hours>
        <cntinst>Please visit http://www.usgs.gov/ask/ to contact us.</cntinst>
      </cntinfo>
    </distrib>
    <resdesc>Downloadable Data</resdesc>
    <distliab>Although these data have been processed successfully on a computer system at the U.S. Geological Survey, no warranty, expressed or implied, is made by either regarding the utility of the data on any system, nor shall the act of distribution constitute any such warranty.  The USGS will warranty the delivery of this product in computer-readable format and will offer appropriate adjustment of credit when the product is determined unreadable by correctly adjusted computer peripherals, or when the physical medium is delivered in damaged condition.  Requests for adjustments of credit must be made within 90 days from the date of this shipment from the ordering site.</distliab>
    <stdorder>
      <digform>
        <digtinfo>
          <formname>IMG</formname>
          <transize>0.279077</transize>
        </digtinfo>
        <digtopt>
          <onlinopt>
            <computer>
              <networka>
                <networkr>ftp://rockyftp.cr.usgs.gov/vdelivery/Datasets/Staged/NED/19/IMG/ned19_n41x00_w074x00_ny_hudsonbay_2011.zip</networkr>
              </networka>
            </computer>
          </onlinopt>
        </digtopt>
      </digform>
      <fees>NONE</fees>
    </stdorder>
  </distinfo>
  <metainfo>
    <metd>20140213</metd>
    <metc>
      <cntinfo>
        <cntorgp>
          <cntorg>U.S. Geological Survey</cntorg>
        </cntorgp>
        <cntaddr>
          <addrtype>mailing and physical address</addrtype>
          <address>USGS National Geospatial Program Office</address>
          <address>12201 Sunrise Valley Drive</address>
          <city>Reston</city>
          <state>VA</state>
          <postal>20192</postal>
          <country>USA</country>
        </cntaddr>
        <cntvoice>1-888-ASK-USGS (1-888-275-8747)</cntvoice>
        <hours>Monday through Friday 8:00 AM to 4:00 PM Eastern Time Zone USA</hours>
        <cntinst>Please visit http://www.usgs.gov/ask/ to contact us.</cntinst>
      </cntinfo>
    </metc>
    <metstdn>FGDC Content Standard for Digital Geospatial Metadata</metstdn>
    <metstdv>FGDC-STD-001-1998</metstdv>
    <metextns>
      <onlink>http://ned.usgs.gov/NED/metadata.asp</onlink>
      <metprof>National Elevation Dataset (NED) Metadata Data Dictionary Access</metprof>
    </metextns>
    <metextns>
      <onlink>http://ned.usgs.gov/source_metadata/LFTNE_NY_HudsonBay_Lot8A_2010_Project_Metadata.xml</onlink>
      <metprof>Original Data Provider Project Metadata File:  LIDAR for the NorthEast - New York-Hudson Bay Area</metprof>
    </metextns>
  </metainfo>
</metadata>
